{"train_loss": 1.0049989223480225, "train_acc": 0.3640184998512268, "_timestamp": 1679978112.533081, "_runtime": 26.29149293899536, "_step": 111, "val_loss": 0.9409054517745972, "val_acc": 0.4283781051635742, "_wandb": {"runtime": 25}}