{"train_loss": 0.7588368654251099, "train_acc": 0.5084875822067261, "_timestamp": 1680069573.31648, "_runtime": 143.97524690628052, "_step": 339, "val_loss": 0.8890539407730103, "val_acc": 0.28258782625198364, "_wandb": {"runtime": 143}}