{"train_acc": 0.20964427292346954, "train_loss": 1.1145515441894531, "_timestamp": 1678951862.75935, "_runtime": 3.814723014831543, "_step": 1, "_wandb": {"runtime": 3}}