{"train_loss": 0.7361276149749756, "train_acc": 0.5175850987434387, "_timestamp": 1679985270.7409132, "_runtime": 64.45162224769592, "_step": 339, "val_loss": 0.8405382633209229, "val_acc": 0.43721240758895874, "_wandb": {"runtime": 74}}