{"train_acc": 0.7029204964637756, "train_loss": 0.2661808431148529, "_timestamp": 1679031447.3486757, "_runtime": 565.6714878082275, "_step": 899, "_wandb": {"runtime": 565}}