{"train_acc": 0.35494109988212585, "train_loss": 0.9593825340270996, "_timestamp": 1679044845.3784707, "_runtime": 15.530483722686768, "_step": 20, "_wandb": {"runtime": 15}}