{"train_loss": 0.9670041799545288, "train_acc": 0.37378644943237305, "_timestamp": 1680069378.055754, "_runtime": 48.82490396499634, "_step": 43, "_wandb": {"runtime": 49}}