{"train_acc": 0.4100092351436615, "train_loss": 0.9592500925064087, "_timestamp": 1679033710.438499, "_runtime": 15.712138891220093, "_step": 20, "_wandb": {"runtime": 15}}