{"train_acc": 0.3667698800563812, "train_loss": 1.1122733354568481, "_timestamp": 1679380881.952743, "_runtime": 13.313886165618896, "_step": 16, "_wandb": {"runtime": 12}}