{"train_acc": 0.23986145853996277, "train_loss": 1.076869249343872, "_timestamp": 1679033746.4356706, "_runtime": 16.293055534362793, "_step": 21, "_wandb": {"runtime": 15}}