{"train_acc": 0.5631470680236816, "train_loss": 0.5991624593734741, "_timestamp": 1679294465.5016932, "_runtime": 77.97751832008362, "_step": 119, "_wandb": {"runtime": 77}}