{"train_loss": 0.9417799115180969, "train_acc": 0.3959038555622101, "_timestamp": 1680069914.928666, "_runtime": 30.76803708076477, "_step": 61, "val_loss": 0.937408983707428, "val_acc": 0.33484628796577454}