{"train_acc": 0.2677997350692749, "train_loss": 1.1108280420303345, "_timestamp": 1678952033.6760185, "_runtime": 8.863307476043701, "_step": 10, "_wandb": {"runtime": 8}}