{"train_loss": 1.0681288242340088, "train_acc": 0.27248141169548035, "_timestamp": 1680069391.949316, "_runtime": 6.583492040634155, "_step": 10, "_wandb": {"runtime": 6}}