{"train_acc": 0.38357844948768616, "train_loss": 0.879011332988739, "_timestamp": 1679046108.381814, "_runtime": 6.019874095916748, "_step": 5, "_wandb": {"runtime": 5}}