{"train_acc": 0.3535456657409668, "train_loss": 1.0422358512878418, "_timestamp": 1679046707.4143999, "_runtime": 4.888634920120239, "_step": 3, "_wandb": {"runtime": 4}}