{"train_acc": 0.3968714475631714, "train_loss": 0.8616859316825867, "_timestamp": 1679045802.980692, "_runtime": 4.928309917449951, "_step": 3, "_wandb": {"runtime": 4}}