{"train_acc": 0.6599223613739014, "train_loss": 0.2879580855369568, "_timestamp": 1679304576.9372792, "_runtime": 576.3354022502899, "_step": 899, "_wandb": {"runtime": 575}}