{"train_loss": 0.9059329032897949, "train_acc": 0.44640234112739563, "_timestamp": 1680070042.1989946, "_runtime": 73.02149558067322, "_step": 152, "val_loss": 1.1332453489303589, "val_acc": 0.31331866979599, "_wandb": {"runtime": 72}}