{"train_acc": 0.4117615222930908, "train_loss": 0.7662191390991211, "_timestamp": 1679299982.2670138, "_runtime": 34.91027569770813, "_step": 50, "_wandb": {"runtime": 34}}