{"train_acc": 0.8081701397895813, "train_loss": 0.2699997127056122, "_timestamp": 1679032145.027519, "_runtime": 575.4503109455109, "_step": 899, "_wandb": {"runtime": 575}}