{"train_loss": 0.726410448551178, "train_acc": 0.46294915676116943, "_timestamp": 1679385825.44289, "_runtime": 49.56751489639282, "_step": 841, "val_loss": 0.872003436088562, "val_acc": 0.43413400650024414, "_wandb": {"runtime": 48}}