{"train_loss": 0.8909745216369629, "train_acc": 0.48601096868515015, "_timestamp": 1679385965.9275937, "_runtime": 63.615999698638916, "_step": 1093, "val_loss": 0.9066741466522217, "val_acc": 0.4029858112335205, "_wandb": {"runtime": 62}}