{"train_loss": 0.7326812744140625, "train_acc": 0.6094180345535278, "_timestamp": 1679386949.155722, "_runtime": 49.02447581291199, "_step": 788, "_wandb": {"runtime": 48}}