{"train_loss": 0.9897550940513611, "train_acc": 0.4548279643058777, "_timestamp": 1679385717.4364974, "_runtime": 60.28297543525696, "_step": 1037, "val_loss": 0.7583921551704407, "val_acc": 0.5900751948356628, "_wandb": {"runtime": 59}}