{"train_acc": 0.40459883213043213, "train_loss": 1.0129302740097046, "_timestamp": 1679046867.0254774, "_runtime": 3.86619234085083, "_step": 1, "_wandb": {"runtime": 3}}