{"train_acc": 0.3877352774143219, "train_loss": 0.9557978510856628, "_timestamp": 1679044692.3322144, "_runtime": 3.7209713459014893, "_step": 1, "_wandb": {"runtime": 3}}