{"train_loss": 0.9534895420074463, "train_acc": 0.44026753306388855, "_timestamp": 1679544093.4601326, "_runtime": 17.83078956604004, "_step": 70, "val_loss": 0.9876454472541809, "val_acc": 0.36481934785842896, "_wandb": {"runtime": 17}}