{"train_loss": 0.6289689540863037, "train_acc": 0.5329008102416992, "_timestamp": 1679978954.3394592, "_runtime": 214.1204822063446, "_step": 1033, "val_loss": 0.7640684247016907, "val_acc": 0.4786909222602844, "_wandb": {"runtime": 213}}