{"train_acc": 0.2013704925775528, "train_loss": 1.1756072044372559, "_timestamp": 1679044594.9053957, "_runtime": 5.493683815002441, "_step": 4, "_wandb": {"runtime": 4}}