{"train_acc": 0.3807520270347595, "train_loss": 1.0148282051086426, "_timestamp": 1679044476.9554203, "_runtime": 10.681288242340088, "_step": 12, "_wandb": {"runtime": 10}}