{"train_acc": 0.41938281059265137, "train_loss": 0.8559476137161255, "_timestamp": 1679044292.9920874, "_runtime": 3.7420904636383057, "_step": 1, "_wandb": {"runtime": 3}}