{"train_loss": 0.7859988212585449, "train_acc": 0.47812700271606445, "_timestamp": 1679984107.1104844, "_runtime": 71.80840039253235, "_step": 339, "val_loss": 0.864618182182312, "val_acc": 0.46072885394096375, "_wandb": {"runtime": 72}}