{"train_loss": 0.7549442052841187, "train_acc": 0.49886181950569153, "_timestamp": 1680070236.3478475, "_runtime": 171.54849648475647, "_step": 339, "val_loss": 1.0972979068756104, "val_acc": 0.23377174139022827, "_wandb": {"runtime": 170}}