{"train_loss": 0.8571869730949402, "train_acc": 0.4743637442588806, "_timestamp": 1680069954.1669881, "_runtime": 28.622308015823364, "_step": 57, "val_loss": 1.014265537261963, "val_acc": 0.37995660305023193, "_wandb": {"runtime": 28}}