{"train_loss": 0.8668695688247681, "train_acc": 0.4337165653705597, "_timestamp": 1680078736.4835663, "_runtime": 46.68140530586243, "_step": 91, "val_loss": 0.8508806824684143, "val_acc": 0.27435609698295593, "_wandb": {"runtime": 46}}