{"train_loss": 0.49975770711898804, "train_acc": 0.5388004183769226, "_timestamp": 1679386206.9265702, "_runtime": 194.29303216934204, "_step": 3455, "val_loss": 0.5891505479812622, "val_acc": 0.44130608439445496, "_wandb": {"runtime": 193}}