{"train_acc": 0.44748690724372864, "train_loss": 0.8826955556869507, "_timestamp": 1679030868.0877686, "_runtime": 19.369081497192383, "_step": 26, "_wandb": {"runtime": 19}}