{"train_loss": 0.6831372380256653, "train_acc": 0.5669305920600891, "_timestamp": 1679984306.287669, "_runtime": 127.43682098388672, "_step": 679, "val_loss": 0.8117146492004395, "val_acc": 0.4698864221572876, "_wandb": {"runtime": 137}}