{"train_loss": 0.9232451319694519, "train_acc": 0.4699445366859436, "_timestamp": 1679385994.830588, "_runtime": 10.205310106277466, "_step": 128, "_wandb": {"runtime": 9}}