{"train_acc": 0.3180425763130188, "train_loss": 0.574196457862854, "_timestamp": 1678939945.699069, "_runtime": 447.9130001068115, "_step": 841, "val_acc": 0.48315221071243286, "val_loss": 0.5757208466529846, "_wandb": {"runtime": 447}}