{"train_loss": 0.6673828363418579, "train_acc": 0.545540988445282, "_timestamp": 1679984837.5330985, "_runtime": 72.73011946678162, "_step": 339, "val_loss": 0.7883173823356628, "val_acc": 0.5056065320968628, "_wandb": {"runtime": 83}}