{"train_acc": 0.4641399681568146, "train_loss": 1.0092904567718506, "_timestamp": 1679045849.96368, "_runtime": 4.352464914321899, "_step": 2, "_wandb": {"runtime": 3}}