{"train_loss": 0.5388140678405762, "train_acc": 0.6506351232528687, "_timestamp": 1679386494.7806282, "_runtime": 129.90685725212097, "_step": 2273, "val_loss": 0.6110320687294006, "val_acc": 0.5167980194091797, "_wandb": {"runtime": 129}}