{"train_acc": 0.4758463501930237, "train_loss": 0.6982474327087402, "_timestamp": 1679380784.0503426, "_runtime": 55.14765453338623, "_step": 83, "_wandb": {"runtime": 54}}