{"train_loss": 0.8982797861099243, "train_acc": 0.43160977959632874, "_timestamp": 1679385891.7597144, "_runtime": 18.497411251068115, "_step": 277, "val_loss": 0.8227261900901794, "val_acc": 0.4575076401233673, "_wandb": {"runtime": 17}}