{"train_acc": 0.44474896788597107, "train_loss": 0.992647111415863, "_timestamp": 1679046895.5857687, "_runtime": 3.8690707683563232, "_step": 1, "_wandb": {"runtime": 3}}